{
  "milestone": "M3_v0_fast",
  "duration_s": 120.0,
  "analysis_s": 100.0,
  "pilot_freq_Hz": 1.0,
  "pilot_amp_Hz": 10.0,
  "noise_injection_point": "rf_actual_pre_step",
  "pi_nominal_gains": {
    "kp": 30000.0,
    "ki": 3000000.0,
    "control_dt_s": 0.001,
    "rf_limit_Hz": 1000.0
  },
  "metrics": {
    "sigma_y_1s": 3.087811297984075e-11,
    "sigma_y_10s": 1.1518804824222958e-11,
    "kitching_1s": 4e-11,
    "kitching_10s": 1.3e-11,
    "ratio_1s": 0.7719528244960189,
    "ratio_10s": 0.8860619095556121,
    "slope_loglog_1_3_10": -0.4278348089551182,
    "open_err_snr_db": 68.20815354001277,
    "A_y_pilot_open": 1.4621038481190404e-09,
    "A_y_pilot_closed_nominal": 3.008609670345475e-11,
    "A_y_pilot_closed_weak": 1.328573531314132e-09,
    "suppression_nominal": 0.020577263880510094,
    "suppression_weak": 0.908672481112274,
    "controller_sensitivity_db": 32.900394976189645,
    "cancellation_phase_deg": 178.80067633349063
  },
  "gates": {
    "allan_pass": true,
    "slope_pass": true,
    "snr_pass": true,
    "suppression_pass": true,
    "phase_pass": true,
    "controller_sensitivity_pass": true
  },
  "all_gates_pass": true
}