{
  "milestone": "M8",
  "duration_s": 200.0,
  "eval_tau_s": 10.0,
  "disc_noise_nominal": 0.0007,
  "reality_gap_frac": 0.05,
  "rng_seed": 4242,
  "results": {
    "baseline_thermal_ramp": {
      "probe": "baseline_thermal_ramp",
      "pi_sigma_y_1s": 6.877895071684312e-11,
      "pi_sigma_y_10s": 2.2614480721631208e-11,
      "pi_sigma_y_100s": 9.81448774822443e-12,
      "lqr_sigma_y_1s": 4.5535103047028516e-11,
      "lqr_sigma_y_10s": 1.1545444055593276e-11,
      "lqr_sigma_y_100s": 9.044176613359766e-13,
      "speedup_lqr_over_pi_10s": 1.9587363303428296,
      "lqr_wins_10s": true,
      "pi_wall_s": 675.8885024000192,
      "lqr_wall_s": 675.5476115000201,
      "disc_noise_amp_ci": 0.0007
    },
    "probe_a_ood_thermal_slope": {
      "probe": "ood_3x_thermal_slope",
      "pi_sigma_y_1s": 8.353702729300247e-11,
      "pi_sigma_y_10s": 2.488528060649423e-11,
      "pi_sigma_y_100s": 2.6235169883519084e-11,
      "lqr_sigma_y_1s": 5.927305254434086e-11,
      "lqr_sigma_y_10s": 1.781571682342894e-11,
      "lqr_sigma_y_100s": 1.6815357391694036e-11,
      "speedup_lqr_over_pi_10s": 1.396816128878312,
      "lqr_wins_10s": true,
      "pi_wall_s": 673.5869720000774,
      "lqr_wall_s": 673.4855725999223,
      "disc_noise_amp_ci": 0.0007
    },
    "probe_b_high_disc_noise": {
      "probe": "high_disc_noise_3x",
      "pi_sigma_y_1s": 9.978944677435094e-11,
      "pi_sigma_y_10s": 3.679617069510343e-11,
      "pi_sigma_y_100s": 8.360892964895242e-12,
      "lqr_sigma_y_1s": 1.0179760244339197e-10,
      "lqr_sigma_y_10s": 2.9811603381110374e-11,
      "lqr_sigma_y_100s": 9.541337523084029e-12,
      "speedup_lqr_over_pi_10s": 1.234290226684644,
      "lqr_wins_10s": true,
      "pi_wall_s": 674.6109866000479,
      "lqr_wall_s": 674.5142990000313,
      "disc_noise_amp_ci": 0.0021
    },
    "probe_c_low_disc_noise": {
      "probe": "low_disc_noise_third",
      "pi_sigma_y_1s": 6.376091301684972e-11,
      "pi_sigma_y_10s": 2.1935158268323345e-11,
      "pi_sigma_y_100s": 1.286053920202157e-11,
      "lqr_sigma_y_1s": 3.243096106982546e-11,
      "lqr_sigma_y_10s": 7.956140094851228e-12,
      "lqr_sigma_y_100s": 4.3856660079581055e-12,
      "speedup_lqr_over_pi_10s": 2.7570100584979094,
      "lqr_wins_10s": true,
      "pi_wall_s": 674.0157139999792,
      "lqr_wall_s": 672.381232200074,
      "disc_noise_amp_ci": 0.00023333333333333333
    },
    "probe_d_reality_gap": {
      "probe": "reality_gap_5pct",
      "pi_sigma_y_1s": 6.877895243904536e-11,
      "pi_sigma_y_10s": 2.2614419594302718e-11,
      "pi_sigma_y_100s": 9.830237009702233e-12,
      "lqr_sigma_y_1s": 4.55351027438819e-11,
      "lqr_sigma_y_10s": 1.1545278646668186e-11,
      "lqr_sigma_y_100s": 9.201669149387853e-13,
      "speedup_lqr_over_pi_10s": 1.958759098536694,
      "lqr_wins_10s": true,
      "pi_wall_s": 672.8777703000233,
      "lqr_wall_s": 673.5432400000282,
      "disc_noise_amp_ci": 0.0007
    },
    "probe_e_worst_case_stacked": {
      "probe": "worst_case_2x_stacked",
      "pi_sigma_y_1s": 6.794488610753352e-11,
      "pi_sigma_y_10s": 3.2818917129547015e-11,
      "pi_sigma_y_100s": 7.169016362616539e-12,
      "lqr_sigma_y_1s": 4.5723502502998614e-11,
      "lqr_sigma_y_10s": 1.715524862324788e-11,
      "lqr_sigma_y_100s": 8.110461651813278e-13,
      "speedup_lqr_over_pi_10s": 1.913054007569005,
      "lqr_wins_10s": true,
      "pi_wall_s": 672.4279270999832,
      "lqr_wall_s": 673.7399307000451,
      "disc_noise_amp_ci": 0.0007
    }
  },
  "n_lqr_wins_of_5": 5,
  "reality_gap_speedup": 1.958759098536694,
  "reality_gap_pos_5pct": true,
  "gate_pass": true,
  "gate_disposition": "FULL HEADLINE PRESERVED",
  "noise_injection_point": "rf_actual_pre_step+disc_noise_pre_controller"
}