{
  "milestone": "M8",
  "duration_s": 200.0,
  "eval_tau_s": 10.0,
  "disc_noise_nominal": 0.0007,
  "reality_gap_frac": 0.05,
  "rng_seed": 4242,
  "results": {
    "baseline_thermal_ramp": {
      "probe": "baseline_thermal_ramp",
      "pi_sigma_y_1s": 1.1899105850602215e-10,
      "pi_sigma_y_10s": 2.980887830979094e-11,
      "pi_sigma_y_100s": 1.7896916715195248e-11,
      "lqr_sigma_y_1s": 3.910730010290389e-11,
      "lqr_sigma_y_10s": 1.0020070939802043e-11,
      "lqr_sigma_y_100s": 4.727859330404797e-12,
      "speedup_lqr_over_pi_10s": 2.9749168931911623,
      "lqr_wins_10s": true,
      "pi_wall_s": 675.6509290999966,
      "lqr_wall_s": 680.8062757999869,
      "disc_noise_amp_ci": 0.0007
    },
    "probe_a_ood_thermal_slope": {
      "probe": "ood_3x_thermal_slope",
      "pi_sigma_y_1s": 9.153343671809327e-10,
      "pi_sigma_y_10s": 6.061997950203788e-10,
      "pi_sigma_y_100s": 8.496130372539349e-12,
      "lqr_sigma_y_1s": 5.36929657394986e-11,
      "lqr_sigma_y_10s": 1.6512992792904382e-11,
      "lqr_sigma_y_100s": 2.060156861530103e-11,
      "speedup_lqr_over_pi_10s": 36.710474147415745,
      "lqr_wins_10s": true,
      "pi_wall_s": 674.5679083000869,
      "lqr_wall_s": 673.2700285000028,
      "disc_noise_amp_ci": 0.0007
    },
    "probe_b_high_disc_noise": {
      "probe": "high_disc_noise_3x",
      "pi_sigma_y_1s": 2.4093408280107446e-10,
      "pi_sigma_y_10s": 5.657159520604228e-11,
      "pi_sigma_y_100s": 9.78117417022305e-12,
      "lqr_sigma_y_1s": 9.763686983893421e-11,
      "lqr_sigma_y_10s": 2.999546780746826e-11,
      "lqr_sigma_y_100s": 5.717029146909101e-12,
      "speedup_lqr_over_pi_10s": 1.8860047647583982,
      "lqr_wins_10s": true,
      "pi_wall_s": 672.4818023000844,
      "lqr_wall_s": 673.4780771000078,
      "disc_noise_amp_ci": 0.0021
    },
    "probe_c_low_disc_noise": {
      "probe": "low_disc_noise_third",
      "pi_sigma_y_1s": 9.222842010554567e-11,
      "pi_sigma_y_10s": 1.824774062679616e-11,
      "pi_sigma_y_100s": 4.069890786896636e-12,
      "lqr_sigma_y_1s": 2.4576526538326227e-11,
      "lqr_sigma_y_10s": 3.973081487122648e-12,
      "lqr_sigma_y_100s": 8.209041948025534e-12,
      "speedup_lqr_over_pi_10s": 4.592843284473228,
      "lqr_wins_10s": true,
      "pi_wall_s": 671.7726841999684,
      "lqr_wall_s": 673.2366722999141,
      "disc_noise_amp_ci": 0.00023333333333333333
    },
    "probe_d_reality_gap": {
      "probe": "reality_gap_5pct",
      "pi_sigma_y_1s": 1.1899105913433658e-10,
      "pi_sigma_y_10s": 2.980911523486679e-11,
      "pi_sigma_y_100s": 1.791266596435764e-11,
      "lqr_sigma_y_1s": 3.9107300182534036e-11,
      "lqr_sigma_y_10s": 1.0019970765690156e-11,
      "lqr_sigma_y_100s": 4.743608575960881e-12,
      "speedup_lqr_over_pi_10s": 2.97497028004688,
      "lqr_wins_10s": true,
      "pi_wall_s": 671.5121479000663,
      "lqr_wall_s": 674.4142438999843,
      "disc_noise_amp_ci": 0.0007
    },
    "probe_e_worst_case_stacked": {
      "probe": "worst_case_2x_stacked",
      "pi_sigma_y_1s": 1.0825892582743917e-10,
      "pi_sigma_y_10s": 2.9026250230594812e-11,
      "pi_sigma_y_100s": 4.899394674958179e-12,
      "lqr_sigma_y_1s": 3.930485909768262e-11,
      "lqr_sigma_y_10s": 1.63879195739387e-11,
      "lqr_sigma_y_100s": 4.633488583765778e-12,
      "speedup_lqr_over_pi_10s": 1.7711979912785594,
      "lqr_wins_10s": true,
      "pi_wall_s": 674.3884175000712,
      "lqr_wall_s": 674.9640653999522,
      "disc_noise_amp_ci": 0.0007
    }
  },
  "n_lqr_wins_of_5": 5,
  "reality_gap_speedup": 2.97497028004688,
  "reality_gap_pos_5pct": true,
  "gate_pass": true,
  "gate_disposition": "ROBUST POSITIVE WIN PRESERVED",
  "noise_injection_point": "rf_actual_pre_step+disc_noise_pre_controller"
}